{
    "answers": {
        "phase":  "requirements specification", 
        "action": "problem understanding", 
        "scope": "documentation (text)", 
        "action experience":  "none",
        "prog lang": "n/a",
        "other prog lang": "<fill in>",
        "tool": "chat gpt 3.x",
        "other tool": "<fill in>",
        "tool option": "free", 
        "tool experience":  "enough",
        "time allocated (h)": "0.2",
        "time saved estimate (h)": "1", 
        "quality of ai help":  "minor modifications needed",
        "generic feeling":  "great in the future",
        "notes": "<fill in>"
    }
}