{
    "answers": {
        "phase": "architecture",
        "action": "data design", 
        "scope":  "data management", 
        "action experience":  "fair", 
        "prog lang": "n/a",
        "other prog lang": "<fill in>",
        "tool": "chat gpt 3.x", 
        "other tool": "<fill in>",
        "tool option": "free",
        "tool experience": "master",
        "time allocated (h)": "1",
        "time saved estimate (h)": "3", 
        "quality of ai help": "ready-to-use", 
        "generic feeling": "great in the future", 
        "notes": "<fill in>"
    }
}