{
    "answers": {
        "phase": "coding",
        "action": "design decision",
        "scope": "frontend", 
        "action experience": "little",
        "prog lang": "other",
        "other prog lang": "HTML",
        "tool": "chat gpt 3.x",
        "other tool": "<fill in>",
        "tool option": "free",
        "tool experience": "enough",
        "time allocated (h)": "2",
        "time saved estimate (h)": "1", 
        "quality of ai help": "minor modifications needed",
        "generic feeling": "great in the future",
        "notes": "<fill in>"
    }
}