{
    "answers": {
        "phase": "deployment",
        "action": "problem understanding",
        "scope": "deployment scripts",
        "action experience": "none",
        "prog lang": "js-node",
        "other prog lang": "<fill in>",
        "tool": "chat gpt 4.x",
        "other tool": "<fill in>",
        "tool option": "full",
        "tool experience": "enough",
        "time allocated (h)": "1",
        "time saved estimate (h)": "3", 
        "quality of ai help": "major modifications needed",
        "generic feeling": "needs work",
        "notes": "<fill in>"
    }
}